{
  "bookmarkLet": {
    "Design Mode 💡": "javascript:(() => {\r\n    document.designMode = document.designMode == \"on\" ? \"off\" : \"on\";\r\n    void 0;\r\n  })()",
    "Theme (Dark/Light) 💡": "javascript:(() => {\r\n    if (document.documentElement.style.colorScheme == \"dark\")\r\n      document.documentElement.style.colorScheme = \"light\";\r\n    else document.documentElement.style.colorScheme = \"dark\";\r\n  })()",
    "Layout Highlight 💡": "javascript:(() => {\r\n    let domStyle = document.getElementById(\"domStylee\");\r\n    if (domStyle) {\r\n      document.body.removeChild(domStyle);\r\n      return;\r\n    }\r\n    domStyle = document.createElement(\"style\");\r\n    domStyle.setAttribute(\"id\", \"domStylee\");\r\n    domStyle.append(\r\n      [\r\n        \"* { background-color: rgba(255,0,0,.2) !important; color:#0f0!important;outline:solid #f00 1px!important; }\",\r\n      ],\r\n      [\"* * { background-color: rgba(0,255,0,.2) !important; }\"],\r\n      [\"* * * { background-color: rgba(0,0,255,.2) !important; }\"],\r\n      [\"* * * * { background-color: rgba(255,0,255,.2) !important; }\"],\r\n      [\"* * * * * { background-color: rgba(0,255,255,.2) !important; }\"],\r\n      [\"* * * * * * { background-color: rgba(255,255,0,.2) !important; }\"],\r\n      [\"* * * * * * * { background-color: rgba(255,0,0,.2) !important; }\"],\r\n      [\"* * * * * * * * { background-color: rgba(0,255,0,.2) !important; }\"],\r\n      [\"* * * * * * * * * { background-color: rgba(0,0,255,.2) !important; }\"]\r\n    );\r\n    document.body.appendChild(domStyle);\r\n  })()",
    "Color Palette": "javascript:(() => {\r\n    let input_color = document.head.querySelector(\"input[type=color]\");\r\n    if (!input_color) {\r\n      /*<input type=\"color\"*/ input_color = document.createElement(\"input\");\r\n      input_color.setAttribute(\"type\", \"color\");\r\n      document.head.append(input_color);\r\n    }\r\n    input_color.click();\r\n  })()",
    "Color Picker": "javascript:(async () => {\r\n    try {\r\n      prompt(\"Selected HEX color:\", (await new EyeDropper().open()).sRGBHex);\r\n    } catch (e) {\r\n      alert(e);\r\n    }\r\n  })()",
    "Remove Via Click": "javascript:(() => {\r\n    document.body.style.cursor = \"pointer\";\r\n    let clickHandler = (event) => {\r\n      console.log(\"removeViaClick: click\");\r\n      document.body.style.cursor = \"\";\r\n      event.preventDefault();\r\n      document.removeEventListener(\"click\", clickHandler);\r\n      let element = document.elementFromPoint(event.clientX, event.clientY);\r\n      if (!element) {\r\n        return;\r\n      }\r\n      console.log(\"removeViaClick: click\", element);\r\n      /*start*/ let positions = [\"fixed\", \"absolute\", \"sticky\"];\r\n      const style = getComputedStyle(element);\r\n      while (\r\n        element &&\r\n        !positions.includes(style.position) &&\r\n        style.zIndex < 100\r\n      ) {\r\n        element = element.parentNode;\r\n      }\r\n      if (element && element.remove) {\r\n        element.remove();\r\n        console.log(\"removeViaClick: remove\", element);\r\n      }\r\n      window.focus();\r\n      window.addEventListener(\r\n        \"blur\",\r\n        () => {\r\n          setTimeout(() => {\r\n            const iframe = document.activeElement;\r\n            if (iframe.tagName === \"IFRAME\") {\r\n              element.remove();\r\n              console.log(\"removeViaClick: remove iframe\", iframe);\r\n            }\r\n          });\r\n        },\r\n        { once: true }\r\n      );\r\n      console.log(`removeViaClick: cannot find element to remove`);\r\n      document.documentElement.style.overflow = \"auto !important\";\r\n      document.body.style.overflow = \"auto !important\"; /*end*/\r\n    };\r\n    document.addEventListener(\"click\", clickHandler);\r\n  })()",
    "Document Part URL": "javascript:(() => {\r\n    document.body.style.cursor = \"pointer\";\r\n    let clickHandler = (event) => {\r\n      document.body.style.cursor = \"\";\r\n      event.preventDefault();\r\n      document.removeEventListener(\"click\", clickHandler);\r\n      let element = document.elementFromPoint(event.clientX, event.clientY);\r\n      if (!element) {\r\n        return;\r\n      }\r\n      /*start*/ while (element && !element.id) {\r\n        element = element.parentNode;\r\n      }\r\n      if (element && element.id) {\r\n        location.hash = element.id;\r\n      } /*end*/\r\n    };\r\n    document.addEventListener(\"click\", clickHandler);\r\n  })()",
    "UUID": "javascript:(() => {\r\n    prompt(\"UUID:\", self.crypto.randomUUID());\r\n  })()",
    "QR Code": "javascript:(() => {\r\n    open(\r\n      \"https://chart.apis.google.com/chart?cht=qr&chs=300x300&chld=L|2&chl= \" +\r\n        /*note: no encodeURIComponent(href)?*/\r\n        (prompt(\"Enter text for QR code: \", location.href) ??\r\n          (() => {\r\n            throw null;\r\n          })()),\r\n      null,\r\n      \"location=no,status=yes,menubar=no,scrollbars=no,resizable=yes,width=500,height=500,modal=yes,dependent=yes\"\r\n    );\r\n  })()",
    "Password (Show/Hide)": "javascript:(() => {\r\n    document\r\n      .querySelectorAll(\"input[type=password]\")\r\n      .forEach((el) => (el.type = \"text\"));\r\n  })()",
    "Cookies": "javascript:(() => {\r\n    document.cookie = \"\";\r\n    function hjK(S4p) {\r\n      D3p = /; /g;\r\n      return S4p.replace(D3p, \"<br><br>\");\r\n    }\r\n    if (document.cookie.length < 1) {\r\n      alert(\"No cookie from this site!\");\r\n    } else {\r\n      with ((na = open(\"\", \"\", \"\")).document) {\r\n        write(\r\n          hjK(\r\n            \"Cookie for \" +\r\n              document.title.link(window.location.href) +\r\n              \", dd. \" +\r\n              new Date() +\r\n              \"<hr>\" +\r\n              document.cookie\r\n          )\r\n        );\r\n        close();\r\n      }\r\n    }\r\n  })()",
    "Strip Script": "javascript:(() => {\r\n    if (frames.length) {\r\n      alert(\"Sorry, doesn't work in frames.\");\r\n    } else {\r\n      while ((es = document.getElementsByTagName(\"script\")).length) {\r\n        es[0].parentNode.removeChild(es[0]);\r\n      }\r\n      es = document.querySelectorAll(\"*\");\r\n      for (i = 0; i < es.length; ++i) {\r\n        e = es[i];\r\n        for (p in e) {\r\n          if (!p.indexOf(\"on\") && e[p]) {\r\n            e[p] = null;\r\n          }\r\n        }\r\n      }\r\n      document.write(document.documentElement.outerHTML);\r\n      document.close();\r\n      onerror = function () {\r\n        return true;\r\n      };\r\n    }\r\n  })()"
  }
}